Forename,Sex,Common5
Abby,f,1
Abigail,f,3
Ada,f,2
Adah,f,1
Addelaide,f,1
Addie,f,1
Adela,f,1
Adelaide,f,2
Adelia,f,1
Adelina,f,1
Adeline,f,1
Adina,f,1
Agnes,f,1
Aileen,f,3
Alberta,f,1
Albina,f,1
Alessandra,f,1
Alexandra,f,4
Alexi,f,1
Alice,f,4
Alicea,f,2
Alicia,f,1
Aline,f,1
Alison,f,5
Allis,f,1
Alma,f,1
Alse,f,1
Alyson,f,1
Amanda,f,4
Amber,f,1
Amelia,f,2
Ames,f,1
Amy,f,4
Amye,f,1
Andi,f,1
Andrea,f,3
Angela,f,4
Angelina,f,2
Anita,f,3
Ann,f,5
Anna,f,5
Annabel,f,5
Annabella,f,3
Anne,f,5
Annelia,f,1
Anneliese,f,1
Anne-Marie,f,3
Anness,f,1
Annette,f,4
Annia,f,1
Annie,f,3
Annina,f,1
Annis,f,1
Annithe,f,1
,,
Antoinette,f,1
Antonia,f,2
Arabella,f,2
Arlean,f,1
Arlene,f,4
Ashley,f,3
Audrey,f,2
Augusta,f,1
Avis,f,1
Avril,f,2
Barbara,f,5
Beatrice,f,4
Belinda,f,4
Belle,f,3
Berenice,f,1
Bernice,f,1
Bertha,f,1
Beryl,f,1
Bessey,f,1
Bessie,f,1
Beth,f,3
Betsey,f,3
Betsy,f,1
Bettiena,f,1
Bettina,f,2
Betty,f,3
Beverly,f,3
Blanch,f,1
Blanche,f,3
Brenda,f,2
Bridget,f,3
Bridgett,f,3
Britta,f,1
Bronia,f,1
Callie,f,1
Camellia,f,1
Camilla,f,3
Cara,f,2
Carlie,f,2
Carmelia,f,1
Carol,f,4
Carole,f,4
Caroline,f,5
Carolyn,f,5
Caron,f,1
Carrie,f,4
Carrieanne,f,1
Casey,f,3
Cassandra,f,2
Cassi,f,1
Cassie,f,3
Cath,f,3
Catharine,f,5
Catherine,f,5
Cathi,f,1
Cathleen,f,3
Cathryn,f,4
Cecelia,f,2
Cecile,f,1
Cecilia,f,1
Celia,f,2
Ceri,f,2
Charity,f,1
Charlene,f,2
Charlotta,f,1
Charlotte,f,3
Cherril,f,1
Cheryl,f,2
Chloe,f,3
Christabel,f,1
Christian,m,1
Christiana,f,1
Christie,f,3
Christina,f,4
Christine,f,5
Christobel,f,1
Cicely,f,1
Cindy,f,2
Clair,f,1
Claire,f,5
Clara,f,2
Clare,f,5
Clarice,f,1
Claris,f,1
Colette,f,2
Colleen,f,3
Connie,f,3
Constance,f,2
Cora,f,1
Corinna,f,1
Corinne,f,1
Craig,m,1
Cynthia,f,1
Daisy,f,2
Danielle,f,1
Daphne,f,2
Darlene,f,1
Davina,f,3
Dawn,f,4
Deanna,f,1
Deanne,f,1
Debbie,f,5
Deborah,f,5
Deborrah,f,1
Debra,f,2
Dee,f,3
Deirdre,f,1
Delia,f,3
,,
Denise,f,1
Denys,m,1
Dessey,f,1
Dessie,f,1
Diana,f,3
Diane,f,5
Dianis,f,1
Dianne,f,3
Dilys,f,2
Dinah,f,2
,,
Dizraph,f,1
Dolly,f,2
Donna,f,3
Dora,f,1
Dorcas,f,2
Doreas,f,1
Doreen,f,3
Doris,f,3
Dorothea,f,3
Dorothy,f,2
,,
Drucilla,f,1
Dulcie,f,1
Easter,f,1
Ebinesar,f,1
Edina,f,1
Edith,f,3
Edna,f,3
Edythe,f,1
Eileen,f,3
Eirene,f,1
Elaine,f,4
Eleanor,f,5
Eleanora,f,2
Elinor,f,3
Elisa,f,2
Eliza,f,3
Elizabeth,f,5
Elizabeth-Jane,f,2
Ella,f,2
Ellen,f,4
Ellena,f,1
Ellenor,f,1
Ellice,f,1
Ellinor,f,1
Ellisa,f,1
Elsa,f,3
Elsie,f,2
Elspeth,f,2
Elvina,f,1
Emelia,f,1
Emilia,f,1
Emilie,f,2
Emily,f,4
Emina,f,1
Emma,f,5
Emmeline,f,1
Emmie,f,1
Ena,f,2
Enid,f,1
Ennice,f,1
Ernestine,f,1
Esme,f,2
Estella,f,1
Ester,f,1
Esther,f,3
Ethel,f,1
Ettie,f,1
Etty,f,1
Eula,f,1
Eunice,f,1
Eva,f,3
Evangeline,f,1
Evarina,f,1
Eve,f,4
Eveline,f,1
Evelyn,f,1
Everina,f,1
Evylene,f,1
Faith,f,1
,,
Fannie,f,1
Fanny,f,1
Fay,f,2
Faye,f,3
Felicity,f,2
Fiona,f,4
Firzah,f,1
Flora,f,1
Florence,f,2
Flori,f,1
Floria,f,1
Florit,f,1
Florrie,f,1
Flossie,f,1
Frances,f,3
Francesca,f,2
Francisca,f,1
Freda,f,1
Frederica,f,1
Frises,f,1
Frisias,f,1
Frisis,f,1
Friswith,f,1
Frysow,f,1
Gail,f,1
Gaynor,f,1
Gemma,f,1
Genesia,f,1
Genevieve,f,1
Georgiana,f,2
Georgina,f,4
Geraldine,f,3
Gerda,f,1
Gertrude,f,2
Gi,f,1
Gige,f,1
Gigi,f,2
Gillian,f,4
Gina,f,3
Ginnette,f,3
Gladys,f,5
Glenda,f,4
Glenys,f,4
Glinys,f,3
Gloria,f,4
Grace,f,4
Gratian,f,1
Greta,f,2
Gwen,f,3
Gwendoline,f,1
Gwendolyn,f,1
Gwynneth,f,2
Haley,f,4
Hanah,f,1
Hannah,f,4
Hariett,f,1
Hariot,f,1
Harriet,f,3
Harriett,f,1
Harriette,f,1
Harriot,f,1
Hattie,f,1
Hayley,f,4
Hazel,f,4
Heather,f,5
Heidi,f,2
Helen,f,5
Helena,f,4
Helene,f,2
Hellen,f,1
Henrietta,f,2
Hephzibah,f,1
Hester,f,3
Hettie,f,1
Hetty,f,1
Hilda,f,3
Holly,f,3
Honoria,f,1
Hulda,f,1
Ida,f,2
Ila,f,1
Ilene,f,2
Inga,f,2
Irene,f,4
Iris,f,2
Irma,f,1
Isabel,f,4
Isabell,f,1
Isabella,f,3
Isis,f,1
Isobel,f,3
Iva,f,1
Ivy,f,2
Jackie,f,4
Jacqueline,f,3
Jane,f,5
Janet,f,5
Janetta,f,1
Janice,f,4
Janine,f,4
Janis,f,1
Jaqueline,f,1
Jayne,f,3
Jean,f,4
Jeanette,f,3
Jeanne,f,4
Jeannie,f,3
Jemima,f,2
Jenette,f,1
Jenifer,f,1
Jenna,f,1
Jennie,f,4
Jennifer,f,4
Jenny,f,5
Jessica,f,5
Jessie,f,4
Jill,f,5
Jillian,f,5
Joan,f,5
Joane,f,1
Joann,f,1
Joanna,f,4
Joanne,f,5
Jocelin,f,1
Jocelyn,f,1
Jodi,f,3
Johanna,f,1
Joni,f,1
Josephine,f,1
Joy,f,4
Joyce,f,3
Juanita,f,2
Judith,f,5
Judy,f,5
Julia,f,5
Julie,f,5
Julier,f,1
Juliet,f,5
Juliette,f,5
June,f,5
Karalee,f,1
Karee,f,1
Karen,f,5
Kari,f,2
Kate,f,5
Katherine,f,5
Kathleen,f,5
Kathlyn,f,2
Kathryn,f,5
Kathryn-Ann,f,1
Kathy,f,5
Katie,f,5
Katrina,f,5
Kay,f,5
Kaye,f,5
Kayleigh,f,2
Kayli,f,1
Kaylie,f,1
Kelli,f,2
Kellie,f,3
Kelly,f,4
Kelly-Ann,f,2
Ker,f,1
Kerri,f,2
Kerry,f,3
Kerrylyn,f,1
Kezia,f,1
Keziah,f,1
Kim,f,4
Kimberley,f,4
Kimberly,f,4
Kirsty,f,4
Kirstyn,f,2
Kitty,f,3
Kristen,f,1
Kristi,f,1
Kristin,f,1
Kylie,f,5
Laetitia,f,1
Lalania,f,1
Lara,f,3
Laura,f,4
Laureen,f,1
Lauren,f,3
Lauretta,f,1
Lavina,f,1
Lavinia,f,2
Leah,f,3
Leann,f,1
Leanna,f,1
Leanne,f,3
Lela,f,2
Lena,f,3
Lenea,f,1
Lenna,f,1
Leona,f,2
Leonie,f,3
Leonora,f,1
Lesley,f,4
Letice,f,1
Letitia,f,2
Lettice,f,1
Lettitia,f,1
Letty,f,1
Levina,f,1
Levinah,f,1
Levinia,f,2
Liddy,f,1
Lila,f,2
Lilia,f,1
Lilian,f,3
Lillian,f,1
Lillie,f,1
Lilly,f,1
Lily,f,2
Linda,f,4
Lisa,f,4
Lizzie,f,4
Lizzy,f,4
Loren,f,2
Lori,f,2
Lorna,f,2
Lorraine,f,3
Lottie,f,3
Loucy,f,1
Louis,m,4
Louisa,f,3
Louise,f,4
Love,f,1
Lucia,f,2
Lucille,f,2
Lucy,f,5
Lydia,f,3
Lynda,f,3
Lynette,f,3
Lynn,f,3
Lynne,f,4
Mabel,f,2
Madaline,f,1
Madeline,f,2
Madonna,f,1
Mae,f,3
Magdalen,f,1
Magdalin,f,1
Magdelen,f,1
Maggie,f,5
Maisie,f,4
Malinda,f,1
Malvina,f,1
Mandy,f,5
Mara,f,1
Marcia,f,3
Margaret,f,5
Margarete,f,1
Margarette,f,1
Margery,f,1
Margherita,f,1
Margott,f,1
Margretta,f,1
Marguerite,f,2
Maria,f,4
Marian,f,1
Marianne,f,4
Maribel,f,1
Maribeth,f,1
Marie,f,4
Mariela,f,2
Marilyn,f,4
Marion,f,3
Marjorie,f,4
Marjory,f,4
,,
Marlene,f,3
Marrian,f,1
Marryett,f,1
Martha,f,4
Mary,f,5
Maryann,f,3
Maryanne,f,3
Mary-Anne,f,3
Maryett,f,1
Maryn,f,1
Maryrose,f,1
Matilda,f,3
Matrona,f,1
Maud,f,1
Maude,f,2
Maudie,f,2
Maureen,f,4
Mavis,f,3
Maxine,f,3
May,f,4
Megan,f,3
Melanie,f,4
Melinda,f,2
Melissa,f,4
Melloney,f,1
Melpomene,f,1
Melva,f,1
Mercy,f,1
Meredith,f,3
Merral,f,1
Merry,f,2
Meryl,f,2
Michele,f,4
Michelle,f,4
Mikala,f,1
Mildred,f,2
Millicent,f,1
Millie,f,3
Milly,f,3
Milvina,f,1
Mina,f,1
Minnie,f,2
Miranda,f,2
Miriam,f,2
Moira,f,2
Molly,f,2
Mona,f,2
Monica,f,3
Muriel,f,2
Myra,f,2
Myran,f,1
Myril,f,1
Myrill,f,1
Myrna,f,2
Myrtle,f,1
Nadia,f,3
Nancie,f,1
Nancy,f,2
Naomi,f,3
Natalie,f,2
Natasha,f,3
Nelika,f,1
Nellie,f,1
Nelly,f,1
Netta,f,1
Nichola,f,3
Nicola,f,4
Nina,f,3
Ninette,f,1
Nixi,f,1
Nola,f,1
Nora,f,1
Norah,f,2
Noreen,f,1
Norma,f,3
Odette,f,2
Olive,f,2
Onford,m,1
Pamela,f,4
Pansy,f,2
,,
Patience,f,2
Patricia,f,2
Patricia-Anne,f,1
Paula,f,3
Paulette,f,3
Pauline,f,4
Pearl,f,1
Peggy,f,2
Penelope,f,3
Penny,f,3
Petrina,f,1
Petrine,f,1
Petronella,f,1
Phebe,f,1
Philippa,f,2
Phillipa,f,3
Phillippa,f,1
Phillis,f,1
Philomena,f,1
Phoebe,f,3
Phylis,f,1
Phyllis,f,2
Pollie,f,1
Polly,f,3
Primrose,f,2
Priscilla,f,2
Prudence,f,1
Queenie,f,2
Rachael,f,2
Racheal,f,1
Rachel,f,3
Ramona,f,1
Rebecca,f,5
Rena,f,1
Rhoda,f,1
Rhona,f,2
Rita,f,3
Roberta,f,1
Rosa,f,3
Rosalie,f,1
Rosalind,f,3
Rosaline,f,1
Rosalyn,f,1
Rosamund,f,2
Rosanna,f,2
Rosannah,f,1
Rose,f,4
Roseana,f,1
Roseann,f,2
Roseelen,f,1
Roselynde,f,1
Rosemarie,f,2
Rosemary,f,5
Rosena,f,1
Rosetta,f,1
Rosey,f,1
Rosia,f,1
Rosilda,f,1
Rosina,f,1
Rosine,f,1
Roslyn,f,1
Rowena,f,2
Roxanne,f,2
Ruby,f,2
Ruth,f,4
Sabina,f,2
Sally,f,4
Sally-Ann,f,3
Sallyanne,f,3
Samantha,f,4
Sandra,f,4
Sara,f,3
Sarah,f,5
Sarah-Jane,f,2
Sarah-Jayne,f,1
Sasha,f,3
Selena,f,2
Selina,f,1
Septima,f,1
Serena,f,3
Serviah,f,1
Sharon,f,4
Sharron,f,1
Sheila,f,5
Sheilagh,f,3
Shelagh,f,3
Shelley,f,4
Shelly-Jane,f,1
Sheri,f,2
Sherine,f,1
Sherrie,f,1
Sherron,f,1
Sherry,f,1
Shirley,f,5
Sian,f,2
Sibella,f,1
Sibyl,f,1
Sibylla,f,1
Sicily,f,1
Silvestress,f,1
Silvestris,f,1
Sonia,f,4
Sonya,f,1
Sophia,f,3
Sophie,f,4
Stacey,f,4
Stella,f,3
Stephanie,f,4
Sue,f,5
Summer,f,2
Surlena,f,1
Susan,f,5
Susana,f,1
Susanna,f,4
Susannah,f,4
Susanne,f,4
Susette,f,1
Susie,f,5
Sussanah,f,1
Suzanne,f,4
Suzette,f,1
Suzie,f,5
Sybella,f,1
Sybil,f,2
Sybill,f,2
Sycilla,f,1
Sylvia,f,4
Tabitha,f,2
Tammy,f,3
Tamsyn,f,2
Tania,f,2
Tanya,f,3
Tara,f,2
Tarina,f,1
Temperance,f,1
Tena,f,1
Teresa,f,4
Teri,f,4
Tessa,f,4
Thelma,f,2
Theodora,f,1
Theodosia,f,1
Theresa,f,3
Therese,f,3
Theresia,f,1
Therisi,f,1
Thirza,f,1
Thomasina,f,1
Tillie,f,2
Tina,f,3
Tirzah,f,1
Toni,f,3
Tory,f,2
Tracey,f,4
Tracie,f,1
Tracy,f,4
Treasure,f,1
Tryphena,f,1
Twila,f,1
Typhenor,f,1
Unice,f,1
Unity,f,2
Ursula,f,2
Uzal,f,1
Valentina,f,3
Valerie,f,3
Vanessa,f,3
Vashti,f,1
Velsha,f,1
Vera,f,2
Verdy,f,1
Verena,f,1
Vergie,f,1
Veronica,f,3
Vicki,f,4
Victoria,f,4
Viola,f,2
Violet,f,2
Virgie,f,2
Virginia,f,3
Vivien,f,3
Vivienne,f,3
Vyvian,f,1
Wenda,f,1
Wendelin,f,1
Wendy,f,4
,,
Winifred,f,2
Winnie,f,2
Winnifred,f,2
Wulfhilda,f,1
Yasmin,f,2
Yvette,f,3
Yvonne,f,3
Zelina,f,1
Zelma,f,1
Zenia,f,1
Zephra,f,1
Zerviah,f,1
Zillah,f,1
Zilpha,f,1
Zoe,f,4
Zurviah,f,1
Aaron,m,2
Abbas,m,1
Abel,m,1
Abiah,m,1
Abraham,m,1
Adam,m,4
Adrian,m,4
Alan,m,5
Albert,m,3
Alec,m,4
Alexander,m,5
Alfred,m,2
Algernon,m,1
Alistair,m,3
Allan,m,4
Allen,m,3
Alpheaus,m,1
Alpheous,m,1
Ambrose,m,1
Amey,m,1
Amos,m,1
Andree,m,1
Andrew,m,4
Anthonie,m,1
Anthony,m,4
Antony,m,4
Archelaus,m,1
Archibald,m,1
Archie,m,2
Arnold,m,2
Arthur,m,4
Athelstan,m,1
Athelston,m,1
Attwood,m,1
Aubrey,m,1
August,m,1
Augustus,m,1
Austin,m,2
Balthazar,m,1
Balthezar,m,1
Barnabas,m,2
Barnard,m,1
Barrie,m,1
Barry,m,3
Bartholomew,m,1
Basham,m,1
Basil,m,1
Bates,m,1
Bearl,m,1
Ben,m,5
Benjamin,m,5
Bernard,m,2
Bert,m,4
Bertie,m,1
Bertram,m,1
Beverley,f,3
Bill,m,5
Binfield,m,1
Bob,m,5
Brad,m,4
Bradley,m,3
Brash,m,1
Brendon,m,3
Bret,m,1
Brett,m,1
Brian,m,4
Bruce,m,5
Bryan,m,2
Caleb,m,1
Calvert,m,1
Calvin,m,2
Campbell,m,1
Carl,m,4
Cecil,m,1
Charles,m,5
Charlie,m,5
Chas,m,3
Cheney,m,1
Christoph,m,1
Christophe,m,2
Christopher,m,5
Clarence,m,1
Clarke,m,2
Claude,m,2
Clay,m,3
Clem,m,3
Clemence,m,1
Clement,m,3
Clifford,m,3
Clifton,m,1
Clive,m,4
Colin,m,5
Collin,m,2
Colston,m,1
Conrad,m,4
Cook,m,1
Cornelius,m,1
Crispin,m,2
Cuthbert,m,1
Cyril,m,1
Dacre,m,1
Dale,m,4
Damien,m,3
Dan,m,5
Daniel,m,4
Danny,m,2
Daren,m,1
Dario,m,2
Darran,m,1
Darren,m,4
Darryl,m,3
Daryl,m,1
David,m,5
Dean,m,4
Denis,m,4
Dennis,m,4
Derek,m,5
Derrick,m,2
Deryck,m,1
Desmond,m,2
Dominic,m,3
Don,m,4
Donald,m,4
Dortha,f,1
Doug,m,5
Douglas,m,4
Duane,m,3
Dudley,m,2
Duncan,m,3
Dwain,m,1
Dwayne,m,3
Earl,m,2
Ebenezer,m,1
Ebenizer,m,1
Edgar,m,1
Edman,m,1
Edmond,m,1
Edmund,m,1
Edouard,m,2
Edward,m,5
Edwin,m,2
Eli,m,1
Elias,m,1
Elisha,m,1
Elison,m,1
Elliott,m,3
Elwin,m,2
Emerson,m,1
Enoch,m,1
Enos,m,1
Eric,m,3
Ernest,m,2
Eugene,m,2
Eustace,m,1
Evan,m,2
Felix,m,2
Fletcher,m,1
Francis,m,2
Francisco,m,1
Frank,m,5
Fred,m,4
Frederic,m,2
Frederick,m,1
Fredrick,m,1
Garner,m,1
Garry,m,2
Garth,m,2
Gary,m,3
Gavin,m,3
Geoffrey,m,4
George,m,5
Gerald,m,3
Gerard,m,2
Gideon,m,1
Gilbert,m,1
Giles,m,4
Glen,m,2
Glenn,m,1
Godfrey,m,1
Goodman,m,1
Gordon,m,3
Graham,m,5
Greg,m,3
Gregory,m,2
Greville,m,1
Gus,m,1
Guy,m,2
Harley,m,2
Harold,m,3
Harry,m,3
Harvey,m,2
Hector,m,1
Henry,m,3
Herbert,m,2
Hercules,m,1
Herman,m,1
Hobbs,m,1
Holton,m,1
Horace,m,1
Horatio,m,1
Horton,m,2
Howard,m,3
Hubert,m,1
Hugh,m,4
Hughie,m,3
Humfrey,m,1
Humphrey,m,2
Huw,m,2
Iain,m,3
Ian,m,4
Irving,m,1
Isaac,m,1
Israel,m,1
Ivan,m,3
Ivor,m,1
Jack,m,5
Jacob,m,4
James,m,5
Jarom,m,1
Jarrod,m,1
Jason,m,4
Jeff,m,5
Jefferson,m,1
Jeffery,m,5
Jeffrey,m,3
Jeremiah,m,1
Jeremy,m,4
Jesse,m,2
Jim,m,5
Jimmy,m,4
Job,m,1
Joel,m,2
Joffre,m,1
Joffrey,m,1
John,m,5
Johnnie,m,4
Jon,m,4
Jonas,m,1
Jonathan,m,4
Jordan,m,3
Joseph,m,3
Josh,m,3
Joshua,m,3
Josiah,m,1
Jules,m,2
Julian,m,3
Julius,m,1
Justin,m,2
Karl,m,3
Karll,m,1
Keith,m,5
Ken,m,5
Kenneth,m,2
Kevin,m,5
Kieran,m,3
Kurt,m,3
Lachlan,m,3
Lance,m,3
Landon,m,1
Larry,m,4
Laurance,m,1
Laurence,m,4
Lawrance,m,1
Lawrence,m,4
Lee,m,4
Leigh,m,1
Lemuel,m,1
Leo,m,3
Leonard,m,2
Leslie,m,2
Lester,m,2
Levi,m,1
Lewis,m,4
Lindsey,m,2
Lionel,m,2
Lloyd,m,2
Louie,m,1
Lucas,m,2
Lucien,m,2
Luke,m,4
Major,m,1
Malcolm,m,4
Mansel,m,1
Mansell,m,1
Manuel,m,2
Marc,m,4
Marcus,m,2
Mark,m,5
Marryet,m,1
Martin,m,5
Marvin,m,2
Mathew,m,1
Matt,m,3
Matthew,m,5
Matthias,m,1
Maurice,m,2
Max,m,3
Meadows,m,1
Melvin,m,3
Melvyn,m,3
Mervyn,m,2
Michael,m,5
Mike,m,5
Miles,m,5
Milo,m,1
Mitchell,m,1
Montague,m,1
Montrassah,m,1
Morley,m,1
Morris,m,1
Moses,m,1
Murray,m,4
Nathan,m,3
Nathaniel,m,2
Neil,m,5
Nicholas,m,4
Nigel,m,5
Nobel,m,1
Noel,m,2
Norman,m,3
Obadiah,m,1
Obediah,m,1
Olaf,m,1
Oliver,m,3
Oscar,m,2
Oswald,m,1
Oswyn,m,1
Otis,m,1
Otto,m,2
Owen,m,2
Patrick,m,5
Paul,m,5
Percival,m,1
Percy,m,2
Pete,m,5
Peter,m,5
Philip,m,5
Philippe,m,1
Phillip,m,5
Preston,m,1
Quind,m,1
Ralph,m,3
Ramon,m,1
Randal,m,1
Randall,m,1
Randy,m,2
Raphe,m,1
Rasmus,m,1
Ray,m,4
Rayghould,m,1
Raygnould,m,1
Raymond,m,4
Reginald,m,3
Reuben,m,1
Reynolds,m,1
Rhys,m,2
Richard,m,5
Robert,m,5
Robin,m,2
Rodney,m,3
Roger,m,4
Roland,m,2
Rollin,m,1
Ronald,m,2
Ross,m,4
Rowland,m,1
Roy,m,4
Rubin,m,1
Rufus,m,2
Rupert,m,3
Saboth,m,1
Sam,m,5
Sampson,m,1
Samuel,m,5
Scott,m,3
Sean,m,4
Selby,m,1
Seymour,m,2
Shadrack,m,1
Shane,m,3
Shaun,m,3
Sherman,m,1
Sidney,m,3
Silas,m,1
Silvester,m,1
Simon,m,5
Solomon,m,2
Spencer,m,3
Squire,m,1
Stan,m,2
Stanley,m,2
Stefan,m,3
Stephen,m,4
Steve,m,5
Steven,m,5
Stewart,m,4
Stuart,m,4
Sven,m,2
Sydney,m,1
Symon,m,1
Ted,m,4
Terence,m,3
Terry,m,4
Theodore,m,1
Thomas,m,5
Tim,m,5
Timothy,m,5
Toby,m,4
Tom,m,5
Tommy,m,2
Tomson,m,1
Tony,m,5
Trevor,m,4
Tristan,m,1
Ulisses,m,1
Uriah,m,1
Valentine,m,1
Valentyne,m,1
Veram,m,1
Vernon,m,2
Victor,m,2
Vincent,m,2
Virgil,m,1
Walter,m,3
Warren,m,3
Warwick,m,2
Washington,m,1
Wayne,m,3
Wayne-Ross,m,1
Wesley,m,2
West,m,1
Wilbur,m,1
Wilfred,m,2
Wilfrid,m,1
Wiliam,m,1
William,m,5
Willie,m,3
Willis,m,1
Winston,m,1
Wyndham,m,1
Yoland,m,1
Zachary,m,3
